"","FALSE","TRUE","class.error"
"FALSE",2826,537,0.159678858162355
"TRUE",376,5823,0.0606549443458623
