"","FALSE","TRUE","class.error"
"FALSE",8389,103,0.0121290626471974
"TRUE",405,664,0.378858746492049
