"","mse","rsq"
"1",0.415091014744746,0.585446150051286
