"","mse","rsq"
"1",0.36294035112668,0.638335977877023
