"","hyperparameter","sensetivity","specificity","error_rate"
"1",3,0.962562396006656,0.662669864108713,0.809620872401141
